order	fm_seed	role
1	32001	confirmation
2	32002	confirmation
3	32003	confirmation
4	32004	confirmation
5	32005	confirmation
6	32006	confirmation
7	32007	confirmation
8	32008	confirmation
9	32009	confirmation
10	32010	confirmation
11	32011	confirmation
12	32012	confirmation
13	32013	confirmation
14	32014	confirmation
15	32015	confirmation
16	32016	confirmation
17	32017	confirmation
18	32018	confirmation
19	32019	confirmation
20	32020	confirmation
21	32021	confirmation
22	32022	confirmation
23	32023	confirmation
24	32024	confirmation
25	32025	confirmation
26	32026	confirmation
27	32027	confirmation
28	32028	confirmation
29	32029	confirmation
30	32030	confirmation
31	32031	confirmation
32	32032	confirmation
33	32033	confirmation
34	32034	confirmation
35	32035	confirmation
36	32036	confirmation
37	32037	confirmation
38	32038	confirmation
39	32039	confirmation
40	32040	confirmation
41	32041	confirmation
42	32042	confirmation
43	32043	confirmation
44	32044	confirmation
45	32045	confirmation
46	32046	confirmation
47	32047	confirmation
48	32048	confirmation
