comparison,run,arm,method,racemode,metric,point_estimate,boot_median,ci_lo,ci_hi,p_raw,p_bh,fdr_sig
point,baseline,baseline,baseline,none,auc_overall,0.946738,,0.913656,0.973889,,,
point,baseline,baseline,baseline,none,auc_race_White,0.954416,,,,,,
point,baseline,baseline,baseline,none,auc_race_Asian,0.907148,,,,,,
point,baseline,baseline,baseline,none,auc_race_Black,1.000000,,,,,,
point,baseline,baseline,baseline,none,auc_sex_Male,0.926829,,,,,,
point,baseline,baseline,baseline,none,auc_sex_Female,0.984029,,,,,,
point,baseline,baseline,baseline,none,auc_age_age<med,0.927340,,,,,,
point,baseline,baseline,baseline,none,auc_age_age>=med,0.953390,,,,,,
point,baseline,baseline,baseline,none,aucdelta_race,0.047268,,0.002506,0.137929,,,
point,baseline,baseline,baseline,none,aucdelta_sex,0.057200,,0.010152,0.106791,,,
point,baseline,baseline,baseline,none,aucdelta_age,0.026050,,0.001314,0.096089,,,
point,baseline,baseline,baseline,none,esauc_race,0.904008,,0.817443,0.950646,,,
point,baseline,baseline,baseline,none,esauc_sex,0.895515,,0.829002,0.953876,,,
point,baseline,baseline,baseline,none,esauc_age,0.922702,,0.849872,0.958951,,,
point,baseline,baseline,baseline,none,ecedelta_race,0.047611,,0.003344,0.123194,,,
point,baseline,baseline,baseline,none,ecedelta_sex,0.014604,,0.001118,0.078943,,,
point,baseline,baseline,baseline,none,ecedelta_age,0.034272,,0.001626,0.106735,,,
point,baseline,baseline,baseline,none,ece_race_White,0.062321,,,,,,
point,baseline,baseline,baseline,none,ece_race_Asian,0.109932,,,,,,
point,baseline,baseline,baseline,none,ece_race_Black,0.011160,,,,,,
point,baseline,baseline,baseline,none,ece_sex_Male,0.065796,,,,,,
point,baseline,baseline,baseline,none,ece_sex_Female,0.051192,,,,,,
point,baseline,baseline,baseline,none,ece_age_age<med,0.087330,,,,,,
point,baseline,baseline,baseline,none,ece_age_age>=med,0.053058,,,,,,
point,eval_fair-fino-none,pretraining,fino,none,auc_overall,0.934578,,0.900403,0.964358,,,
point,eval_fair-fino-none,pretraining,fino,none,auc_race_White,0.941239,,,,,,
point,eval_fair-fino-none,pretraining,fino,none,auc_race_Asian,0.899779,,,,,,
point,eval_fair-fino-none,pretraining,fino,none,auc_race_Black,1.000000,,,,,,
point,eval_fair-fino-none,pretraining,fino,none,auc_sex_Male,0.911257,,,,,,
point,eval_fair-fino-none,pretraining,fino,none,auc_sex_Female,0.979115,,,,,,
point,eval_fair-fino-none,pretraining,fino,none,auc_age_age<med,0.917488,,,,,,
point,eval_fair-fino-none,pretraining,fino,none,auc_age_age>=med,0.948767,,,,,,
point,eval_fair-fino-none,pretraining,fino,none,aucdelta_race,0.041460,,0.002829,0.130173,,,
point,eval_fair-fino-none,pretraining,fino,none,aucdelta_sex,0.067858,,0.015384,0.122626,,,
point,eval_fair-fino-none,pretraining,fino,none,aucdelta_age,0.031280,,0.001875,0.100612,,,
point,eval_fair-fino-none,pretraining,fino,none,esauc_race,0.897372,,0.810002,0.942995,,,
point,eval_fair-fino-none,pretraining,fino,none,esauc_sex,0.875189,,0.807786,0.936109,,,
point,eval_fair-fino-none,pretraining,fino,none,esauc_age,0.906231,,0.832043,0.951363,,,
point,eval_fair-fino-none,pretraining,fino,none,ecedelta_race,0.072308,,0.004595,0.153898,,,
point,eval_fair-fino-none,pretraining,fino,none,ecedelta_sex,0.049720,,0.002842,0.124695,,,
point,eval_fair-fino-none,pretraining,fino,none,ecedelta_age,0.025266,,0.001681,0.108137,,,
point,eval_fair-fino-none,pretraining,fino,none,ece_race_White,0.089592,,,,,,
point,eval_fair-fino-none,pretraining,fino,none,ece_race_Asian,0.161899,,,,,,
point,eval_fair-fino-none,pretraining,fino,none,ece_race_Black,0.000981,,,,,,
point,eval_fair-fino-none,pretraining,fino,none,ece_sex_Male,0.126235,,,,,,
point,eval_fair-fino-none,pretraining,fino,none,ece_sex_Female,0.076515,,,,,,
point,eval_fair-fino-none,pretraining,fino,none,ece_age_age<med,0.129411,,,,,,
point,eval_fair-fino-none,pretraining,fino,none,ece_age_age>=med,0.104146,,,,,,
point,eval_fair-fino-weight,pretraining,fino,weight,auc_overall,0.951075,,0.922165,0.974396,,,
point,eval_fair-fino-weight,pretraining,fino,weight,auc_race_White,0.959046,,,,,,
point,eval_fair-fino-weight,pretraining,fino,weight,auc_race_Asian,0.919676,,,,,,
point,eval_fair-fino-weight,pretraining,fino,weight,auc_race_Black,1.000000,,,,,,
point,eval_fair-fino-weight,pretraining,fino,weight,auc_sex_Male,0.931144,,,,,,
point,eval_fair-fino-weight,pretraining,fino,weight,auc_sex_Female,0.986486,,,,,,
point,eval_fair-fino-weight,pretraining,fino,weight,auc_age_age<med,0.932266,,,,,,
point,eval_fair-fino-weight,pretraining,fino,weight,auc_age_age>=med,0.962250,,,,,,
point,eval_fair-fino-weight,pretraining,fino,weight,aucdelta_race,0.039370,,0.001662,0.116637,,,
point,eval_fair-fino-weight,pretraining,fino,weight,aucdelta_sex,0.055342,,0.013774,0.103161,,,
point,eval_fair-fino-weight,pretraining,fino,weight,aucdelta_age,0.029984,,0.001443,0.089287,,,
point,eval_fair-fino-weight,pretraining,fino,weight,esauc_race,0.915049,,0.838722,0.955790,,,
point,eval_fair-fino-weight,pretraining,fino,weight,esauc_sex,0.901200,,0.839573,0.951578,,,
point,eval_fair-fino-weight,pretraining,fino,weight,esauc_age,0.923388,,0.855617,0.964448,,,
point,eval_fair-fino-weight,pretraining,fino,weight,ecedelta_race,0.056537,,0.003060,0.146097,,,
point,eval_fair-fino-weight,pretraining,fino,weight,ecedelta_sex,0.017383,,0.002031,0.098071,,,
point,eval_fair-fino-weight,pretraining,fino,weight,ecedelta_age,0.006841,,0.001557,0.093461,,,
point,eval_fair-fino-weight,pretraining,fino,weight,ece_race_White,0.064797,,,,,,
point,eval_fair-fino-weight,pretraining,fino,weight,ece_race_Asian,0.121333,,,,,,
point,eval_fair-fino-weight,pretraining,fino,weight,ece_race_Black,0.000296,,,,,,
point,eval_fair-fino-weight,pretraining,fino,weight,ece_sex_Male,0.091307,,,,,,
point,eval_fair-fino-weight,pretraining,fino,weight,ece_sex_Female,0.073924,,,,,,
point,eval_fair-fino-weight,pretraining,fino,weight,ece_age_age<med,0.104319,,,,,,
point,eval_fair-fino-weight,pretraining,fino,weight,ece_age_age>=med,0.097478,,,,,,
point,eval_fair-fino-resample,pretraining,fino,resample,auc_overall,0.947021,,0.917302,0.973134,,,
point,eval_fair-fino-resample,pretraining,fino,resample,auc_race_White,0.950855,,,,,,
point,eval_fair-fino-resample,pretraining,fino,resample,auc_race_Asian,0.924097,,,,,,
point,eval_fair-fino-resample,pretraining,fino,resample,auc_race_Black,1.000000,,,,,,
point,eval_fair-fino-resample,pretraining,fino,resample,auc_sex_Male,0.931895,,,,,,
point,eval_fair-fino-resample,pretraining,fino,resample,auc_sex_Female,0.970516,,,,,,
point,eval_fair-fino-resample,pretraining,fino,resample,auc_age_age<med,0.935961,,,,,,
point,eval_fair-fino-resample,pretraining,fino,resample,auc_age_age>=med,0.953775,,,,,,
point,eval_fair-fino-resample,pretraining,fino,resample,aucdelta_race,0.026757,,0.001519,0.108468,,,
point,eval_fair-fino-resample,pretraining,fino,resample,aucdelta_sex,0.038621,,0.002283,0.091991,,,
point,eval_fair-fino-resample,pretraining,fino,resample,aucdelta_age,0.017814,,0.000915,0.082227,,,
point,eval_fair-fino-resample,pretraining,fino,resample,esauc_race,0.922342,,0.848002,0.954636,,,
point,eval_fair-fino-resample,pretraining,fino,resample,esauc_sex,0.911806,,0.847630,0.960756,,,
point,eval_fair-fino-resample,pretraining,fino,resample,esauc_age,0.930446,,0.856115,0.961442,,,
point,eval_fair-fino-resample,pretraining,fino,resample,ecedelta_race,0.031164,,0.002004,0.112800,,,
point,eval_fair-fino-resample,pretraining,fino,resample,ecedelta_sex,0.000994,,0.001294,0.091246,,,
point,eval_fair-fino-resample,pretraining,fino,resample,ecedelta_age,0.015261,,0.001047,0.089275,,,
point,eval_fair-fino-resample,pretraining,fino,resample,ece_race_White,0.077375,,,,,,
point,eval_fair-fino-resample,pretraining,fino,resample,ece_race_Asian,0.108540,,,,,,
point,eval_fair-fino-resample,pretraining,fino,resample,ece_race_Black,0.000405,,,,,,
point,eval_fair-fino-resample,pretraining,fino,resample,ece_sex_Male,0.085525,,,,,,
point,eval_fair-fino-resample,pretraining,fino,resample,ece_sex_Female,0.086519,,,,,,
point,eval_fair-fino-resample,pretraining,fino,resample,ece_age_age<med,0.102471,,,,,,
point,eval_fair-fino-resample,pretraining,fino,resample,ece_age_age>=med,0.087210,,,,,,
point,eval_fair-dann-none,pretraining,dann,none,auc_overall,0.953054,,0.924229,0.976927,,,
point,eval_fair-dann-none,pretraining,dann,none,auc_race_White,0.954060,,,,,,
point,eval_fair-dann-none,pretraining,dann,none,auc_race_Asian,0.929256,,,,,,
point,eval_fair-dann-none,pretraining,dann,none,auc_race_Black,1.000000,,,,,,
point,eval_fair-dann-none,pretraining,dann,none,auc_sex_Male,0.933021,,,,,,
point,eval_fair-dann-none,pretraining,dann,none,auc_sex_Female,0.990172,,,,,,
point,eval_fair-dann-none,pretraining,dann,none,auc_age_age<med,0.942118,,,,,,
point,eval_fair-dann-none,pretraining,dann,none,auc_age_age>=med,0.958012,,,,,,
point,eval_fair-dann-none,pretraining,dann,none,aucdelta_race,0.024804,,0.001026,0.099647,,,
point,eval_fair-dann-none,pretraining,dann,none,aucdelta_sex,0.057151,,0.015950,0.103439,,,
point,eval_fair-dann-none,pretraining,dann,none,aucdelta_age,0.015894,,0.000910,0.079156,,,
point,eval_fair-dann-none,pretraining,dann,none,esauc_race,0.929987,,0.852979,0.960768,,,
point,eval_fair-dann-none,pretraining,dann,none,esauc_sex,0.901531,,0.839151,0.953554,,,
point,eval_fair-dann-none,pretraining,dann,none,esauc_age,0.938143,,0.870562,0.966180,,,
point,eval_fair-dann-none,pretraining,dann,none,ecedelta_race,0.023684,,0.001909,0.106058,,,
point,eval_fair-dann-none,pretraining,dann,none,ecedelta_sex,0.001507,,0.001180,0.075871,,,
point,eval_fair-dann-none,pretraining,dann,none,ecedelta_age,0.003936,,0.001464,0.080525,,,
point,eval_fair-dann-none,pretraining,dann,none,ece_race_White,0.059346,,,,,,
point,eval_fair-dann-none,pretraining,dann,none,ece_race_Asian,0.083030,,,,,,
point,eval_fair-dann-none,pretraining,dann,none,ece_race_Black,0.010455,,,,,,
point,eval_fair-dann-none,pretraining,dann,none,ece_sex_Male,0.055857,,,,,,
point,eval_fair-dann-none,pretraining,dann,none,ece_sex_Female,0.057363,,,,,,
point,eval_fair-dann-none,pretraining,dann,none,ece_age_age<med,0.063023,,,,,,
point,eval_fair-dann-none,pretraining,dann,none,ece_age_age>=med,0.066959,,,,,,
point,eval_fair-dann-weight,pretraining,dann,weight,auc_overall,0.950132,,0.920352,0.974643,,,
point,eval_fair-dann-weight,pretraining,dann,weight,auc_race_White,0.952279,,,,,,
point,eval_fair-dann-weight,pretraining,dann,weight,auc_race_Asian,0.927782,,,,,,
point,eval_fair-dann-weight,pretraining,dann,weight,auc_race_Black,1.000000,,,,,,
point,eval_fair-dann-weight,pretraining,dann,weight,auc_sex_Male,0.933959,,,,,,
point,eval_fair-dann-weight,pretraining,dann,weight,auc_sex_Female,0.980344,,,,,,
point,eval_fair-dann-weight,pretraining,dann,weight,auc_age_age<med,0.932677,,,,,,
point,eval_fair-dann-weight,pretraining,dann,weight,auc_age_age>=med,0.963405,,,,,,
point,eval_fair-dann-weight,pretraining,dann,weight,aucdelta_race,0.024497,,0.001224,0.104388,,,
point,eval_fair-dann-weight,pretraining,dann,weight,aucdelta_sex,0.046385,,0.006356,0.094836,,,
point,eval_fair-dann-weight,pretraining,dann,weight,aucdelta_age,0.030729,,0.001402,0.092646,,,
point,eval_fair-dann-weight,pretraining,dann,weight,esauc_race,0.927413,,0.845948,0.957684,,,
point,eval_fair-dann-weight,pretraining,dann,weight,esauc_sex,0.908014,,0.845137,0.956626,,,
point,eval_fair-dann-weight,pretraining,dann,weight,esauc_age,0.921806,,0.852576,0.964634,,,
point,eval_fair-dann-weight,pretraining,dann,weight,ecedelta_race,0.038010,,0.002750,0.130201,,,
point,eval_fair-dann-weight,pretraining,dann,weight,ecedelta_sex,0.047482,,0.003123,0.125244,,,
point,eval_fair-dann-weight,pretraining,dann,weight,ecedelta_age,0.010297,,0.001552,0.101498,,,
point,eval_fair-dann-weight,pretraining,dann,weight,ece_race_White,0.091302,,,,,,
point,eval_fair-dann-weight,pretraining,dann,weight,ece_race_Asian,0.129312,,,,,,
point,eval_fair-dann-weight,pretraining,dann,weight,ece_race_Black,0.000004,,,,,,
point,eval_fair-dann-weight,pretraining,dann,weight,ece_sex_Male,0.112262,,,,,,
point,eval_fair-dann-weight,pretraining,dann,weight,ece_sex_Female,0.064779,,,,,,
point,eval_fair-dann-weight,pretraining,dann,weight,ece_age_age<med,0.109965,,,,,,
point,eval_fair-dann-weight,pretraining,dann,weight,ece_age_age>=med,0.099668,,,,,,
point,eval_fair-dann-resample,pretraining,dann,resample,auc_overall,0.948718,,0.918863,0.974401,,,
point,eval_fair-dann-resample,pretraining,dann,resample,auc_race_White,0.954416,,,,,,
point,eval_fair-dann-resample,pretraining,dann,resample,auc_race_Asian,0.935151,,,,,,
point,eval_fair-dann-resample,pretraining,dann,resample,auc_race_Black,1.000000,,,,,,
point,eval_fair-dann-resample,pretraining,dann,resample,auc_sex_Male,0.934146,,,,,,
point,eval_fair-dann-resample,pretraining,dann,resample,auc_sex_Female,0.977887,,,,,,
point,eval_fair-dann-resample,pretraining,dann,resample,auc_age_age<med,0.939655,,,,,,
point,eval_fair-dann-resample,pretraining,dann,resample,auc_age_age>=med,0.956471,,,,,,
point,eval_fair-dann-resample,pretraining,dann,resample,aucdelta_race,0.019265,,0.001051,0.092599,,,
point,eval_fair-dann-resample,pretraining,dann,resample,aucdelta_sex,0.043741,,0.003820,0.091269,,,
point,eval_fair-dann-resample,pretraining,dann,resample,aucdelta_age,0.016816,,0.001112,0.082878,,,
point,eval_fair-dann-resample,pretraining,dann,resample,esauc_race,0.930786,,0.854594,0.958408,,,
point,eval_fair-dann-resample,pretraining,dann,resample,esauc_sex,0.908959,,0.849187,0.959718,,,
point,eval_fair-dann-resample,pretraining,dann,resample,esauc_age,0.933028,,0.860619,0.963492,,,
point,eval_fair-dann-resample,pretraining,dann,resample,ecedelta_race,0.012371,,0.001631,0.101178,,,
point,eval_fair-dann-resample,pretraining,dann,resample,ecedelta_sex,0.023806,,0.001478,0.095014,,,
point,eval_fair-dann-resample,pretraining,dann,resample,ecedelta_age,0.008446,,0.001416,0.091471,,,
point,eval_fair-dann-resample,pretraining,dann,resample,ece_race_White,0.081233,,,,,,
point,eval_fair-dann-resample,pretraining,dann,resample,ece_race_Asian,0.093603,,,,,,
point,eval_fair-dann-resample,pretraining,dann,resample,ece_race_Black,0.001143,,,,,,
point,eval_fair-dann-resample,pretraining,dann,resample,ece_sex_Male,0.097023,,,,,,
point,eval_fair-dann-resample,pretraining,dann,resample,ece_sex_Female,0.073217,,,,,,
point,eval_fair-dann-resample,pretraining,dann,resample,ece_age_age<med,0.113177,,,,,,
point,eval_fair-dann-resample,pretraining,dann,resample,ece_age_age>=med,0.104731,,,,,,
point,eval_fair-contrastive-none,pretraining,contrastive,none,auc_overall,0.945607,,0.913930,0.972835,,,
point,eval_fair-contrastive-none,pretraining,contrastive,none,auc_race_White,0.948006,,,,,,
point,eval_fair-contrastive-none,pretraining,contrastive,none,auc_race_Asian,0.915991,,,,,,
point,eval_fair-contrastive-none,pretraining,contrastive,none,auc_race_Black,1.000000,,,,,,
point,eval_fair-contrastive-none,pretraining,contrastive,none,auc_sex_Male,0.921388,,,,,,
point,eval_fair-contrastive-none,pretraining,contrastive,none,auc_sex_Female,0.985258,,,,,,
point,eval_fair-contrastive-none,pretraining,contrastive,none,auc_age_age<med,0.934729,,,,,,
point,eval_fair-contrastive-none,pretraining,contrastive,none,auc_age_age>=med,0.947612,,,,,,
point,eval_fair-contrastive-none,pretraining,contrastive,none,aucdelta_race,0.032015,,0.001813,0.117586,,,
point,eval_fair-contrastive-none,pretraining,contrastive,none,aucdelta_sex,0.063870,,0.013665,0.115759,,,
point,eval_fair-contrastive-none,pretraining,contrastive,none,aucdelta_age,0.012883,,0.000819,0.082538,,,
point,eval_fair-contrastive-none,pretraining,contrastive,none,esauc_race,0.916273,,0.833288,0.952559,,,
point,eval_fair-contrastive-none,pretraining,contrastive,none,esauc_sex,0.888837,,0.823232,0.950257,,,
point,eval_fair-contrastive-none,pretraining,contrastive,none,esauc_age,0.933580,,0.860421,0.959786,,,
point,eval_fair-contrastive-none,pretraining,contrastive,none,ecedelta_race,0.056749,,0.005110,0.128915,,,
point,eval_fair-contrastive-none,pretraining,contrastive,none,ecedelta_sex,0.011875,,0.001123,0.075204,,,
point,eval_fair-contrastive-none,pretraining,contrastive,none,ecedelta_age,0.037405,,0.001853,0.100613,,,
point,eval_fair-contrastive-none,pretraining,contrastive,none,ece_race_White,0.051534,,,,,,
point,eval_fair-contrastive-none,pretraining,contrastive,none,ece_race_Asian,0.108283,,,,,,
point,eval_fair-contrastive-none,pretraining,contrastive,none,ece_race_Black,0.024446,,,,,,
point,eval_fair-contrastive-none,pretraining,contrastive,none,ece_sex_Male,0.077233,,,,,,
point,eval_fair-contrastive-none,pretraining,contrastive,none,ece_sex_Female,0.065359,,,,,,
point,eval_fair-contrastive-none,pretraining,contrastive,none,ece_age_age<med,0.110583,,,,,,
point,eval_fair-contrastive-none,pretraining,contrastive,none,ece_age_age>=med,0.073179,,,,,,
point,eval_fair-contrastive-weight,pretraining,contrastive,weight,auc_overall,0.944193,,0.912698,0.969200,,,
point,eval_fair-contrastive-weight,pretraining,contrastive,weight,auc_race_White,0.962607,,,,,,
point,eval_fair-contrastive-weight,pretraining,contrastive,weight,auc_race_Asian,0.903464,,,,,,
point,eval_fair-contrastive-weight,pretraining,contrastive,weight,auc_race_Black,1.000000,,,,,,
point,eval_fair-contrastive-weight,pretraining,contrastive,weight,auc_sex_Male,0.927955,,,,,,
point,eval_fair-contrastive-weight,pretraining,contrastive,weight,auc_sex_Female,0.977887,,,,,,
point,eval_fair-contrastive-weight,pretraining,contrastive,weight,auc_age_age<med,0.915025,,,,,,
point,eval_fair-contrastive-weight,pretraining,contrastive,weight,auc_age_age>=med,0.964946,,,,,,
point,eval_fair-contrastive-weight,pretraining,contrastive,weight,aucdelta_race,0.059143,,0.003170,0.142585,,,
point,eval_fair-contrastive-weight,pretraining,contrastive,weight,aucdelta_sex,0.049932,,0.004640,0.099146,,,
point,eval_fair-contrastive-weight,pretraining,contrastive,weight,aucdelta_age,0.049921,,0.003848,0.115733,,,
point,eval_fair-contrastive-weight,pretraining,contrastive,weight,esauc_race,0.891469,,0.811638,0.948588,,,
point,eval_fair-contrastive-weight,pretraining,contrastive,weight,esauc_sex,0.899290,,0.836351,0.950312,,,
point,eval_fair-contrastive-weight,pretraining,contrastive,weight,esauc_age,0.899299,,0.825139,0.956358,,,
point,eval_fair-contrastive-weight,pretraining,contrastive,weight,ecedelta_race,0.107126,,0.017976,0.204534,,,
point,eval_fair-contrastive-weight,pretraining,contrastive,weight,ecedelta_sex,0.081227,,0.007985,0.152943,,,
point,eval_fair-contrastive-weight,pretraining,contrastive,weight,ecedelta_age,0.059502,,0.004837,0.149395,,,
point,eval_fair-contrastive-weight,pretraining,contrastive,weight,ece_race_White,0.083713,,,,,,
point,eval_fair-contrastive-weight,pretraining,contrastive,weight,ece_race_Asian,0.190840,,,,,,
point,eval_fair-contrastive-weight,pretraining,contrastive,weight,ece_race_Black,0.000002,,,,,,
point,eval_fair-contrastive-weight,pretraining,contrastive,weight,ece_sex_Male,0.158066,,,,,,
point,eval_fair-contrastive-weight,pretraining,contrastive,weight,ece_sex_Female,0.076839,,,,,,
point,eval_fair-contrastive-weight,pretraining,contrastive,weight,ece_age_age<med,0.165041,,,,,,
point,eval_fair-contrastive-weight,pretraining,contrastive,weight,ece_age_age>=med,0.105539,,,,,,
point,eval_fair-contrastive-resample,pretraining,contrastive,resample,auc_overall,0.946267,,0.914875,0.972868,,,
point,eval_fair-contrastive-resample,pretraining,contrastive,resample,auc_race_White,0.937678,,,,,,
point,eval_fair-contrastive-resample,pretraining,contrastive,resample,auc_race_Asian,0.936625,,,,,,
point,eval_fair-contrastive-resample,pretraining,contrastive,resample,auc_race_Black,1.000000,,,,,,
point,eval_fair-contrastive-resample,pretraining,contrastive,resample,auc_sex_Male,0.930957,,,,,,
point,eval_fair-contrastive-resample,pretraining,contrastive,resample,auc_sex_Female,0.977887,,,,,,
point,eval_fair-contrastive-resample,pretraining,contrastive,resample,auc_age_age<med,0.940887,,,,,,
point,eval_fair-contrastive-resample,pretraining,contrastive,resample,auc_age_age>=med,0.947227,,,,,,
point,eval_fair-contrastive-resample,pretraining,contrastive,resample,aucdelta_race,0.001053,,0.001174,0.092313,,,
point,eval_fair-contrastive-resample,pretraining,contrastive,resample,aucdelta_sex,0.046930,,0.004135,0.096880,,,
point,eval_fair-contrastive-resample,pretraining,contrastive,resample,aucdelta_age,0.006340,,0.001163,0.075742,,,
point,eval_fair-contrastive-resample,pretraining,contrastive,resample,esauc_race,0.929324,,0.850575,0.958798,,,
point,eval_fair-contrastive-resample,pretraining,contrastive,resample,esauc_sex,0.903849,,0.843015,0.958942,,,
point,eval_fair-contrastive-resample,pretraining,contrastive,resample,esauc_age,0.940306,,0.867968,0.962569,,,
point,eval_fair-contrastive-resample,pretraining,contrastive,resample,ecedelta_race,0.029797,,0.001192,0.077418,,,
point,eval_fair-contrastive-resample,pretraining,contrastive,resample,ecedelta_sex,0.050990,,0.001026,0.095474,,,
point,eval_fair-contrastive-resample,pretraining,contrastive,resample,ecedelta_age,0.026086,,0.001563,0.074044,,,
point,eval_fair-contrastive-resample,pretraining,contrastive,resample,ece_race_White,0.089832,,,,,,
point,eval_fair-contrastive-resample,pretraining,contrastive,resample,ece_race_Asian,0.060036,,,,,,
point,eval_fair-contrastive-resample,pretraining,contrastive,resample,ece_race_Black,0.003875,,,,,,
point,eval_fair-contrastive-resample,pretraining,contrastive,resample,ece_sex_Male,0.043898,,,,,,
point,eval_fair-contrastive-resample,pretraining,contrastive,resample,ece_sex_Female,0.094889,,,,,,
point,eval_fair-contrastive-resample,pretraining,contrastive,resample,ece_age_age<med,0.063712,,,,,,
point,eval_fair-contrastive-resample,pretraining,contrastive,resample,ece_age_age>=med,0.089798,,,,,,
point,eval_fair-pcgrad-none,pretraining,pcgrad,none,auc_overall,0.945607,,0.913646,0.972288,,,
point,eval_fair-pcgrad-none,pretraining,pcgrad,none,auc_race_White,0.961538,,,,,,
point,eval_fair-pcgrad-none,pretraining,pcgrad,none,auc_race_Asian,0.916728,,,,,,
point,eval_fair-pcgrad-none,pretraining,pcgrad,none,auc_race_Black,1.000000,,,,,,
point,eval_fair-pcgrad-none,pretraining,pcgrad,none,auc_sex_Male,0.928330,,,,,,
point,eval_fair-pcgrad-none,pretraining,pcgrad,none,auc_sex_Female,0.974201,,,,,,
point,eval_fair-pcgrad-none,pretraining,pcgrad,none,auc_age_age<med,0.920361,,,,,,
point,eval_fair-pcgrad-none,pretraining,pcgrad,none,auc_age_age>=med,0.958783,,,,,,
point,eval_fair-pcgrad-none,pretraining,pcgrad,none,aucdelta_race,0.044810,,0.002213,0.117410,,,
point,eval_fair-pcgrad-none,pretraining,pcgrad,none,aucdelta_sex,0.045871,,0.003068,0.098672,,,
point,eval_fair-pcgrad-none,pretraining,pcgrad,none,aucdelta_age,0.038421,,0.001710,0.105437,,,
point,eval_fair-pcgrad-none,pretraining,pcgrad,none,esauc_race,0.905051,,0.827166,0.955849,,,
point,eval_fair-pcgrad-none,pretraining,pcgrad,none,esauc_sex,0.904133,,0.840981,0.954255,,,
point,eval_fair-pcgrad-none,pretraining,pcgrad,none,esauc_age,0.910620,,0.841092,0.956411,,,
point,eval_fair-pcgrad-none,pretraining,pcgrad,none,ecedelta_race,0.062836,,0.003981,0.140397,,,
point,eval_fair-pcgrad-none,pretraining,pcgrad,none,ecedelta_sex,0.011289,,0.001112,0.090043,,,
point,eval_fair-pcgrad-none,pretraining,pcgrad,none,ecedelta_age,0.010103,,0.001508,0.100189,,,
point,eval_fair-pcgrad-none,pretraining,pcgrad,none,ece_race_White,0.064151,,,,,,
point,eval_fair-pcgrad-none,pretraining,pcgrad,none,ece_race_Asian,0.126987,,,,,,
point,eval_fair-pcgrad-none,pretraining,pcgrad,none,ece_race_Black,0.005206,,,,,,
point,eval_fair-pcgrad-none,pretraining,pcgrad,none,ece_sex_Male,0.090312,,,,,,
point,eval_fair-pcgrad-none,pretraining,pcgrad,none,ece_sex_Female,0.079022,,,,,,
point,eval_fair-pcgrad-none,pretraining,pcgrad,none,ece_age_age<med,0.091717,,,,,,
point,eval_fair-pcgrad-none,pretraining,pcgrad,none,ece_age_age>=med,0.081614,,,,,,
point,eval_fair-pcgrad-weight,pretraining,pcgrad,weight,auc_overall,0.948718,,0.917802,0.973975,,,
point,eval_fair-pcgrad-weight,pretraining,pcgrad,weight,auc_race_White,0.957265,,,,,,
point,eval_fair-pcgrad-weight,pretraining,pcgrad,weight,auc_race_Asian,0.920413,,,,,,
point,eval_fair-pcgrad-weight,pretraining,pcgrad,weight,auc_race_Black,1.000000,,,,,,
point,eval_fair-pcgrad-weight,pretraining,pcgrad,weight,auc_sex_Male,0.925328,,,,,,
point,eval_fair-pcgrad-weight,pretraining,pcgrad,weight,auc_sex_Female,0.990172,,,,,,
point,eval_fair-pcgrad-weight,pretraining,pcgrad,weight,auc_age_age<med,0.928161,,,,,,
point,eval_fair-pcgrad-weight,pretraining,pcgrad,weight,auc_age_age>=med,0.958398,,,,,,
point,eval_fair-pcgrad-weight,pretraining,pcgrad,weight,aucdelta_race,0.036852,,0.001877,0.112498,,,
point,eval_fair-pcgrad-weight,pretraining,pcgrad,weight,aucdelta_sex,0.064844,,0.021092,0.113511,,,
point,eval_fair-pcgrad-weight,pretraining,pcgrad,weight,aucdelta_age,0.030237,,0.001515,0.097012,,,
point,eval_fair-pcgrad-weight,pretraining,pcgrad,weight,esauc_race,0.914998,,0.837686,0.955510,,,
point,eval_fair-pcgrad-weight,pretraining,pcgrad,weight,esauc_sex,0.890946,,0.828534,0.945049,,,
point,eval_fair-pcgrad-weight,pretraining,pcgrad,weight,esauc_age,0.920874,,0.850335,0.961889,,,
point,eval_fair-pcgrad-weight,pretraining,pcgrad,weight,ecedelta_race,0.033627,,0.001975,0.116676,,,
point,eval_fair-pcgrad-weight,pretraining,pcgrad,weight,ecedelta_sex,0.048884,,0.003756,0.105441,,,
point,eval_fair-pcgrad-weight,pretraining,pcgrad,weight,ecedelta_age,0.007589,,0.001639,0.088841,,,
point,eval_fair-pcgrad-weight,pretraining,pcgrad,weight,ece_race_White,0.073176,,,,,,
point,eval_fair-pcgrad-weight,pretraining,pcgrad,weight,ece_race_Asian,0.106804,,,,,,
point,eval_fair-pcgrad-weight,pretraining,pcgrad,weight,ece_race_Black,0.016242,,,,,,
point,eval_fair-pcgrad-weight,pretraining,pcgrad,weight,ece_sex_Male,0.086194,,,,,,
point,eval_fair-pcgrad-weight,pretraining,pcgrad,weight,ece_sex_Female,0.037310,,,,,,
point,eval_fair-pcgrad-weight,pretraining,pcgrad,weight,ece_age_age<med,0.089996,,,,,,
point,eval_fair-pcgrad-weight,pretraining,pcgrad,weight,ece_age_age>=med,0.082407,,,,,,
point,eval_fair-pcgrad-resample,pretraining,pcgrad,resample,auc_overall,0.941931,,0.906242,0.971656,,,
point,eval_fair-pcgrad-resample,pretraining,pcgrad,resample,auc_race_White,0.938034,,,,,,
point,eval_fair-pcgrad-resample,pretraining,pcgrad,resample,auc_race_Asian,0.937362,,,,,,
point,eval_fair-pcgrad-resample,pretraining,pcgrad,resample,auc_race_Black,1.000000,,,,,,
point,eval_fair-pcgrad-resample,pretraining,pcgrad,resample,auc_sex_Male,0.921013,,,,,,
point,eval_fair-pcgrad-resample,pretraining,pcgrad,resample,auc_sex_Female,0.975430,,,,,,
point,eval_fair-pcgrad-resample,pretraining,pcgrad,resample,auc_age_age<med,0.942529,,,,,,
point,eval_fair-pcgrad-resample,pretraining,pcgrad,resample,auc_age_age>=med,0.937211,,,,,,
point,eval_fair-pcgrad-resample,pretraining,pcgrad,resample,aucdelta_race,0.000672,,0.001196,0.090939,,,
point,eval_fair-pcgrad-resample,pretraining,pcgrad,resample,aucdelta_sex,0.054417,,0.005103,0.111532,,,
point,eval_fair-pcgrad-resample,pretraining,pcgrad,resample,aucdelta_age,0.005318,,0.001205,0.082778,,,
point,eval_fair-pcgrad-resample,pretraining,pcgrad,resample,esauc_race,0.934024,,0.846352,0.956800,,,
point,eval_fair-pcgrad-resample,pretraining,pcgrad,resample,esauc_sex,0.893319,,0.822599,0.952970,,,
point,eval_fair-pcgrad-resample,pretraining,pcgrad,resample,esauc_age,0.936948,,0.854635,0.958494,,,
point,eval_fair-pcgrad-resample,pretraining,pcgrad,resample,ecedelta_race,0.026568,,0.001831,0.100180,,,
point,eval_fair-pcgrad-resample,pretraining,pcgrad,resample,ecedelta_sex,0.021458,,0.001309,0.081735,,,
point,eval_fair-pcgrad-resample,pretraining,pcgrad,resample,ecedelta_age,0.017049,,0.001298,0.085315,,,
point,eval_fair-pcgrad-resample,pretraining,pcgrad,resample,ece_race_White,0.064274,,,,,,
point,eval_fair-pcgrad-resample,pretraining,pcgrad,resample,ece_race_Asian,0.090842,,,,,,
point,eval_fair-pcgrad-resample,pretraining,pcgrad,resample,ece_race_Black,0.038750,,,,,,
point,eval_fair-pcgrad-resample,pretraining,pcgrad,resample,ece_sex_Male,0.069395,,,,,,
point,eval_fair-pcgrad-resample,pretraining,pcgrad,resample,ece_sex_Female,0.047937,,,,,,
point,eval_fair-pcgrad-resample,pretraining,pcgrad,resample,ece_age_age<med,0.095694,,,,,,
point,eval_fair-pcgrad-resample,pretraining,pcgrad,resample,ece_age_age>=med,0.078645,,,,,,
point,posthoc_fino_none,post-hoc,fino,none,auc_overall,0.957202,,0.931644,0.978720,,,
point,posthoc_fino_none,post-hoc,fino,none,auc_race_White,0.965812,,,,,,
point,posthoc_fino_none,post-hoc,fino,none,auc_race_Asian,0.930730,,,,,,
point,posthoc_fino_none,post-hoc,fino,none,auc_race_Black,1.000000,,,,,,
point,posthoc_fino_none,post-hoc,fino,none,auc_sex_Male,0.943715,,,,,,
point,posthoc_fino_none,post-hoc,fino,none,auc_sex_Female,0.980344,,,,,,
point,posthoc_fino_none,post-hoc,fino,none,auc_age_age<med,0.930624,,,,,,
point,posthoc_fino_none,post-hoc,fino,none,auc_age_age>=med,0.970724,,,,,,
point,posthoc_fino_none,post-hoc,fino,none,aucdelta_race,0.035082,,0.001661,0.104018,,,
point,posthoc_fino_none,post-hoc,fino,none,aucdelta_sex,0.036629,,0.002214,0.081949,,,
point,posthoc_fino_none,post-hoc,fino,none,aucdelta_age,0.040100,,0.002039,0.099606,,,
point,posthoc_fino_none,post-hoc,fino,none,esauc_race,0.924759,,0.856740,0.963274,,,
point,posthoc_fino_none,post-hoc,fino,none,esauc_sex,0.923379,,0.867773,0.965620,,,
point,posthoc_fino_none,post-hoc,fino,none,esauc_age,0.920298,,0.854408,0.966022,,,
point,posthoc_fino_none,post-hoc,fino,none,ecedelta_race,0.048842,,0.001769,0.115815,,,
point,posthoc_fino_none,post-hoc,fino,none,ecedelta_sex,0.023605,,0.001336,0.087214,,,
point,posthoc_fino_none,post-hoc,fino,none,ecedelta_age,0.035275,,0.001590,0.097147,,,
point,posthoc_fino_none,post-hoc,fino,none,ece_race_White,0.046312,,,,,,
point,posthoc_fino_none,post-hoc,fino,none,ece_race_Asian,0.095154,,,,,,
point,posthoc_fino_none,post-hoc,fino,none,ece_race_Black,0.004958,,,,,,
point,posthoc_fino_none,post-hoc,fino,none,ece_sex_Male,0.075036,,,,,,
point,posthoc_fino_none,post-hoc,fino,none,ece_sex_Female,0.051431,,,,,,
point,posthoc_fino_none,post-hoc,fino,none,ece_age_age<med,0.088349,,,,,,
point,posthoc_fino_none,post-hoc,fino,none,ece_age_age>=med,0.053074,,,,,,
point,posthoc_fino_weight,post-hoc,fino,weight,auc_overall,0.948152,,0.918356,0.973748,,,
point,posthoc_fino_weight,post-hoc,fino,weight,auc_race_White,0.953348,,,,,,
point,posthoc_fino_weight,post-hoc,fino,weight,auc_race_Asian,0.915991,,,,,,
point,posthoc_fino_weight,post-hoc,fino,weight,auc_race_Black,1.000000,,,,,,
point,posthoc_fino_weight,post-hoc,fino,weight,auc_sex_Male,0.931707,,,,,,
point,posthoc_fino_weight,post-hoc,fino,weight,auc_sex_Female,0.977887,,,,,,
point,posthoc_fino_weight,post-hoc,fino,weight,auc_age_age<med,0.922003,,,,,,
point,posthoc_fino_weight,post-hoc,fino,weight,auc_age_age>=med,0.961479,,,,,,
point,posthoc_fino_weight,post-hoc,fino,weight,aucdelta_race,0.037356,,0.002065,0.121341,,,
point,posthoc_fino_weight,post-hoc,fino,weight,aucdelta_sex,0.046180,,0.003997,0.096957,,,
point,posthoc_fino_weight,post-hoc,fino,weight,aucdelta_age,0.039476,,0.001667,0.106552,,,
point,posthoc_fino_weight,post-hoc,fino,weight,esauc_race,0.914008,,0.833999,0.953714,,,
point,posthoc_fino_weight,post-hoc,fino,weight,esauc_sex,0.906300,,0.844068,0.957004,,,
point,posthoc_fino_weight,post-hoc,fino,weight,esauc_age,0.912145,,0.840304,0.960776,,,
point,posthoc_fino_weight,post-hoc,fino,weight,ecedelta_race,0.023338,,0.001547,0.107336,,,
point,posthoc_fino_weight,post-hoc,fino,weight,ecedelta_sex,0.002460,,0.001110,0.076336,,,
point,posthoc_fino_weight,post-hoc,fino,weight,ecedelta_age,0.027023,,0.001631,0.096067,,,
point,posthoc_fino_weight,post-hoc,fino,weight,ece_race_White,0.068423,,,,,,
point,posthoc_fino_weight,post-hoc,fino,weight,ece_race_Asian,0.091761,,,,,,
point,posthoc_fino_weight,post-hoc,fino,weight,ece_race_Black,0.006280,,,,,,
point,posthoc_fino_weight,post-hoc,fino,weight,ece_sex_Male,0.065303,,,,,,
point,posthoc_fino_weight,post-hoc,fino,weight,ece_sex_Female,0.067763,,,,,,
point,posthoc_fino_weight,post-hoc,fino,weight,ece_age_age<med,0.081037,,,,,,
point,posthoc_fino_weight,post-hoc,fino,weight,ece_age_age>=med,0.054015,,,,,,
point,posthoc_fino_resample,post-hoc,fino,resample,auc_overall,0.944005,,0.910438,0.971497,,,
point,posthoc_fino_resample,post-hoc,fino,resample,auc_race_White,0.948718,,,,,,
point,posthoc_fino_resample,post-hoc,fino,resample,auc_race_Asian,0.918939,,,,,,
point,posthoc_fino_resample,post-hoc,fino,resample,auc_race_Black,1.000000,,,,,,
point,posthoc_fino_resample,post-hoc,fino,resample,auc_sex_Male,0.919137,,,,,,
point,posthoc_fino_resample,post-hoc,fino,resample,auc_sex_Female,0.986486,,,,,,
point,posthoc_fino_resample,post-hoc,fino,resample,auc_age_age<med,0.929803,,,,,,
point,posthoc_fino_resample,post-hoc,fino,resample,auc_age_age>=med,0.947612,,,,,,
point,posthoc_fino_resample,post-hoc,fino,resample,aucdelta_race,0.029779,,0.001441,0.109376,,,
point,posthoc_fino_resample,post-hoc,fino,resample,aucdelta_sex,0.067350,,0.018138,0.118689,,,
point,posthoc_fino_resample,post-hoc,fino,resample,aucdelta_age,0.017809,,0.001109,0.091169,,,
point,posthoc_fino_resample,post-hoc,fino,resample,esauc_race,0.916706,,0.837871,0.951764,,,
point,posthoc_fino_resample,post-hoc,fino,resample,esauc_sex,0.884438,,0.819389,0.946998,,,
point,posthoc_fino_resample,post-hoc,fino,resample,esauc_age,0.927487,,0.853384,0.958801,,,
point,posthoc_fino_resample,post-hoc,fino,resample,ecedelta_race,0.047440,,0.004611,0.134984,,,
point,posthoc_fino_resample,post-hoc,fino,resample,ecedelta_sex,0.002086,,0.000900,0.080494,,,
point,posthoc_fino_resample,post-hoc,fino,resample,ecedelta_age,0.011239,,0.001545,0.089873,,,
point,posthoc_fino_resample,post-hoc,fino,resample,ece_race_White,0.070829,,,,,,
point,posthoc_fino_resample,post-hoc,fino,resample,ece_race_Asian,0.118269,,,,,,
point,posthoc_fino_resample,post-hoc,fino,resample,ece_race_Black,0.013536,,,,,,
point,posthoc_fino_resample,post-hoc,fino,resample,ece_sex_Male,0.080271,,,,,,
point,posthoc_fino_resample,post-hoc,fino,resample,ece_sex_Female,0.078185,,,,,,
point,posthoc_fino_resample,post-hoc,fino,resample,ece_age_age<med,0.085535,,,,,,
point,posthoc_fino_resample,post-hoc,fino,resample,ece_age_age>=med,0.074296,,,,,,
point,posthoc_dann_none,post-hoc,dann,none,auc_overall,0.944759,,0.912894,0.971903,,,
point,posthoc_dann_none,post-hoc,dann,none,auc_race_White,0.948718,,,,,,
point,posthoc_dann_none,post-hoc,dann,none,auc_race_Asian,0.913780,,,,,,
point,posthoc_dann_none,post-hoc,dann,none,auc_race_Black,1.000000,,,,,,
point,posthoc_dann_none,post-hoc,dann,none,auc_sex_Male,0.921013,,,,,,
point,posthoc_dann_none,post-hoc,dann,none,auc_sex_Female,0.985258,,,,,,
point,posthoc_dann_none,post-hoc,dann,none,auc_age_age<med,0.922824,,,,,,
point,posthoc_dann_none,post-hoc,dann,none,auc_age_age>=med,0.950308,,,,,,
point,posthoc_dann_none,post-hoc,dann,none,aucdelta_race,0.034938,,0.002258,0.118665,,,
point,posthoc_dann_none,post-hoc,dann,none,aucdelta_sex,0.064245,,0.014285,0.115192,,,
point,posthoc_dann_none,post-hoc,dann,none,aucdelta_age,0.027484,,0.001118,0.097611,,,
point,posthoc_dann_none,post-hoc,dann,none,esauc_race,0.912865,,0.832034,0.950921,,,
point,posthoc_dann_none,post-hoc,dann,none,esauc_sex,0.887727,,0.824706,0.948750,,,
point,posthoc_dann_none,post-hoc,dann,none,esauc_age,0.919488,,0.848718,0.956984,,,
point,posthoc_dann_none,post-hoc,dann,none,ecedelta_race,0.020740,,0.001793,0.106003,,,
point,posthoc_dann_none,post-hoc,dann,none,ecedelta_sex,0.001422,,0.001399,0.076449,,,
point,posthoc_dann_none,post-hoc,dann,none,ecedelta_age,0.049330,,0.002336,0.115448,,,
point,posthoc_dann_none,post-hoc,dann,none,ece_race_White,0.076250,,,,,,
point,posthoc_dann_none,post-hoc,dann,none,ece_race_Asian,0.096989,,,,,,
point,posthoc_dann_none,post-hoc,dann,none,ece_race_Black,0.021606,,,,,,
point,posthoc_dann_none,post-hoc,dann,none,ece_sex_Male,0.069760,,,,,,
point,posthoc_dann_none,post-hoc,dann,none,ece_sex_Female,0.068338,,,,,,
point,posthoc_dann_none,post-hoc,dann,none,ece_age_age<med,0.120370,,,,,,
point,posthoc_dann_none,post-hoc,dann,none,ece_age_age>=med,0.071040,,,,,,
point,posthoc_dann_weight,post-hoc,dann,weight,auc_overall,0.947587,,0.917240,0.973881,,,
point,posthoc_dann_weight,post-hoc,dann,weight,auc_race_White,0.948718,,,,,,
point,posthoc_dann_weight,post-hoc,dann,weight,auc_race_Asian,0.922623,,,,,,
point,posthoc_dann_weight,post-hoc,dann,weight,auc_race_Black,1.000000,,,,,,
point,posthoc_dann_weight,post-hoc,dann,weight,auc_sex_Male,0.924015,,,,,,
point,posthoc_dann_weight,post-hoc,dann,weight,auc_sex_Female,0.985258,,,,,,
point,posthoc_dann_weight,post-hoc,dann,weight,auc_age_age<med,0.931034,,,,,,
point,posthoc_dann_weight,post-hoc,dann,weight,auc_age_age>=med,0.951464,,,,,,
point,posthoc_dann_weight,post-hoc,dann,weight,aucdelta_race,0.026095,,0.001477,0.112218,,,
point,posthoc_dann_weight,post-hoc,dann,weight,aucdelta_sex,0.061243,,0.012028,0.110929,,,
point,posthoc_dann_weight,post-hoc,dann,weight,aucdelta_age,0.020429,,0.001331,0.089762,,,
point,posthoc_dann_weight,post-hoc,dann,weight,esauc_race,0.923489,,0.842119,0.955740,,,
point,posthoc_dann_weight,post-hoc,dann,weight,esauc_sex,0.892903,,0.830766,0.952208,,,
point,posthoc_dann_weight,post-hoc,dann,weight,esauc_age,0.928616,,0.856881,0.960888,,,
point,posthoc_dann_weight,post-hoc,dann,weight,ecedelta_race,0.027269,,0.002186,0.108037,,,
point,posthoc_dann_weight,post-hoc,dann,weight,ecedelta_sex,0.025016,,0.001441,0.089966,,,
point,posthoc_dann_weight,post-hoc,dann,weight,ecedelta_age,0.018151,,0.001205,0.089785,,,
point,posthoc_dann_weight,post-hoc,dann,weight,ece_race_White,0.068653,,,,,,
point,posthoc_dann_weight,post-hoc,dann,weight,ece_race_Asian,0.095923,,,,,,
point,posthoc_dann_weight,post-hoc,dann,weight,ece_race_Black,0.014834,,,,,,
point,posthoc_dann_weight,post-hoc,dann,weight,ece_sex_Male,0.097652,,,,,,
point,posthoc_dann_weight,post-hoc,dann,weight,ece_sex_Female,0.072636,,,,,,
point,posthoc_dann_weight,post-hoc,dann,weight,ece_age_age<med,0.094405,,,,,,
point,posthoc_dann_weight,post-hoc,dann,weight,ece_age_age>=med,0.076254,,,,,,
point,posthoc_dann_resample,post-hoc,dann,resample,auc_overall,0.944947,,0.913062,0.971498,,,
point,posthoc_dann_resample,post-hoc,dann,resample,auc_race_White,0.946225,,,,,,
point,posthoc_dann_resample,post-hoc,dann,resample,auc_race_Asian,0.924097,,,,,,
point,posthoc_dann_resample,post-hoc,dann,resample,auc_race_Black,1.000000,,,,,,
point,posthoc_dann_resample,post-hoc,dann,resample,auc_sex_Male,0.920075,,,,,,
point,posthoc_dann_resample,post-hoc,dann,resample,auc_sex_Female,0.990172,,,,,,
point,posthoc_dann_resample,post-hoc,dann,resample,auc_age_age<med,0.932266,,,,,,
point,posthoc_dann_resample,post-hoc,dann,resample,auc_age_age>=med,0.953775,,,,,,
point,posthoc_dann_resample,post-hoc,dann,resample,aucdelta_race,0.022128,,0.001360,0.097810,,,
point,posthoc_dann_resample,post-hoc,dann,resample,aucdelta_sex,0.070097,,0.025339,0.118120,,,
point,posthoc_dann_resample,post-hoc,dann,resample,aucdelta_age,0.021509,,0.001352,0.090411,,,
point,posthoc_dann_resample,post-hoc,dann,resample,esauc_race,0.924490,,0.846072,0.953843,,,
point,posthoc_dann_resample,post-hoc,dann,resample,esauc_sex,0.883048,,0.821335,0.941625,,,
point,posthoc_dann_resample,post-hoc,dann,resample,esauc_age,0.925050,,0.852249,0.959144,,,
point,posthoc_dann_resample,post-hoc,dann,resample,ecedelta_race,0.030517,,0.002004,0.109055,,,
point,posthoc_dann_resample,post-hoc,dann,resample,ecedelta_sex,0.027225,,0.001593,0.087716,,,
point,posthoc_dann_resample,post-hoc,dann,resample,ecedelta_age,0.001745,,0.001219,0.082816,,,
point,posthoc_dann_resample,post-hoc,dann,resample,ece_race_White,0.064386,,,,,,
point,posthoc_dann_resample,post-hoc,dann,resample,ece_race_Asian,0.094903,,,,,,
point,posthoc_dann_resample,post-hoc,dann,resample,ece_race_Black,0.020507,,,,,,
point,posthoc_dann_resample,post-hoc,dann,resample,ece_sex_Male,0.092391,,,,,,
point,posthoc_dann_resample,post-hoc,dann,resample,ece_sex_Female,0.065166,,,,,,
point,posthoc_dann_resample,post-hoc,dann,resample,ece_age_age<med,0.087001,,,,,,
point,posthoc_dann_resample,post-hoc,dann,resample,ece_age_age>=med,0.088747,,,,,,
point,posthoc_contrastive_none,post-hoc,contrastive,none,auc_overall,0.947587,,0.917367,0.973821,,,
point,posthoc_contrastive_none,post-hoc,contrastive,none,auc_race_White,0.949786,,,,,,
point,posthoc_contrastive_none,post-hoc,contrastive,none,auc_race_Asian,0.909359,,,,,,
point,posthoc_contrastive_none,post-hoc,contrastive,none,auc_race_Black,1.000000,,,,,,
point,posthoc_contrastive_none,post-hoc,contrastive,none,auc_sex_Male,0.925891,,,,,,
point,posthoc_contrastive_none,post-hoc,contrastive,none,auc_sex_Female,0.985258,,,,,,
point,posthoc_contrastive_none,post-hoc,contrastive,none,auc_age_age<med,0.929803,,,,,,
point,posthoc_contrastive_none,post-hoc,contrastive,none,auc_age_age>=med,0.952234,,,,,,
point,posthoc_contrastive_none,post-hoc,contrastive,none,aucdelta_race,0.040427,,0.001798,0.125026,,,
point,posthoc_contrastive_none,post-hoc,contrastive,none,aucdelta_sex,0.059367,,0.011373,0.108054,,,
point,posthoc_contrastive_none,post-hoc,contrastive,none,aucdelta_age,0.022431,,0.001158,0.091134,,,
point,posthoc_contrastive_none,post-hoc,contrastive,none,esauc_race,0.910767,,0.829336,0.951785,,,
point,posthoc_contrastive_none,post-hoc,contrastive,none,esauc_sex,0.894484,,0.833075,0.952457,,,
point,posthoc_contrastive_none,post-hoc,contrastive,none,esauc_age,0.926797,,0.854112,0.960174,,,
point,posthoc_contrastive_none,post-hoc,contrastive,none,ecedelta_race,0.037448,,0.002881,0.117002,,,
point,posthoc_contrastive_none,post-hoc,contrastive,none,ecedelta_sex,0.009020,,0.001113,0.069108,,,
point,posthoc_contrastive_none,post-hoc,contrastive,none,ecedelta_age,0.005856,,0.001327,0.086714,,,
point,posthoc_contrastive_none,post-hoc,contrastive,none,ece_race_White,0.052423,,,,,,
point,posthoc_contrastive_none,post-hoc,contrastive,none,ece_race_Asian,0.089870,,,,,,
point,posthoc_contrastive_none,post-hoc,contrastive,none,ece_race_Black,0.020539,,,,,,
point,posthoc_contrastive_none,post-hoc,contrastive,none,ece_sex_Male,0.066414,,,,,,
point,posthoc_contrastive_none,post-hoc,contrastive,none,ece_sex_Female,0.075434,,,,,,
point,posthoc_contrastive_none,post-hoc,contrastive,none,ece_age_age<med,0.078762,,,,,,
point,posthoc_contrastive_none,post-hoc,contrastive,none,ece_age_age>=med,0.072906,,,,,,
point,posthoc_contrastive_weight,post-hoc,contrastive,weight,auc_overall,0.951169,,0.922572,0.975108,,,
point,posthoc_contrastive_weight,post-hoc,contrastive,weight,auc_race_White,0.955484,,,,,,
point,posthoc_contrastive_weight,post-hoc,contrastive,weight,auc_race_Asian,0.913780,,,,,,
point,posthoc_contrastive_weight,post-hoc,contrastive,weight,auc_race_Black,1.000000,,,,,,
point,posthoc_contrastive_weight,post-hoc,contrastive,weight,auc_sex_Male,0.931895,,,,,,
point,posthoc_contrastive_weight,post-hoc,contrastive,weight,auc_sex_Female,0.984029,,,,,,
point,posthoc_contrastive_weight,post-hoc,contrastive,weight,auc_age_age<med,0.934319,,,,,,
point,posthoc_contrastive_weight,post-hoc,contrastive,weight,auc_age_age>=med,0.957242,,,,,,
point,posthoc_contrastive_weight,post-hoc,contrastive,weight,aucdelta_race,0.041704,,0.001939,0.123011,,,
point,posthoc_contrastive_weight,post-hoc,contrastive,weight,aucdelta_sex,0.052135,,0.007690,0.098281,,,
point,posthoc_contrastive_weight,post-hoc,contrastive,weight,aucdelta_age,0.022923,,0.001366,0.086249,,,
point,posthoc_contrastive_weight,post-hoc,contrastive,weight,esauc_race,0.913090,,0.834898,0.955274,,,
point,posthoc_contrastive_weight,post-hoc,contrastive,weight,esauc_sex,0.904037,,0.845344,0.957173,,,
point,posthoc_contrastive_weight,post-hoc,contrastive,weight,esauc_age,0.929854,,0.863687,0.963298,,,
point,posthoc_contrastive_weight,post-hoc,contrastive,weight,ecedelta_race,0.033471,,0.003004,0.114195,,,
point,posthoc_contrastive_weight,post-hoc,contrastive,weight,ecedelta_sex,0.025640,,0.001466,0.079566,,,
point,posthoc_contrastive_weight,post-hoc,contrastive,weight,ecedelta_age,0.005420,,0.001215,0.085624,,,
point,posthoc_contrastive_weight,post-hoc,contrastive,weight,ece_race_White,0.057444,,,,,,
point,posthoc_contrastive_weight,post-hoc,contrastive,weight,ece_race_Asian,0.090915,,,,,,
point,posthoc_contrastive_weight,post-hoc,contrastive,weight,ece_race_Black,0.009536,,,,,,
point,posthoc_contrastive_weight,post-hoc,contrastive,weight,ece_sex_Male,0.064970,,,,,,
point,posthoc_contrastive_weight,post-hoc,contrastive,weight,ece_sex_Female,0.039330,,,,,,
point,posthoc_contrastive_weight,post-hoc,contrastive,weight,ece_age_age<med,0.071740,,,,,,
point,posthoc_contrastive_weight,post-hoc,contrastive,weight,ece_age_age>=med,0.077160,,,,,,
point,posthoc_contrastive_resample,post-hoc,contrastive,resample,auc_overall,0.950038,,0.919123,0.975079,,,
point,posthoc_contrastive_resample,post-hoc,contrastive,resample,auc_race_White,0.953704,,,,,,
point,posthoc_contrastive_resample,post-hoc,contrastive,resample,auc_race_Asian,0.921887,,,,,,
point,posthoc_contrastive_resample,post-hoc,contrastive,resample,auc_race_Black,1.000000,,,,,,
point,posthoc_contrastive_resample,post-hoc,contrastive,resample,auc_sex_Male,0.928143,,,,,,
point,posthoc_contrastive_resample,post-hoc,contrastive,resample,auc_sex_Female,0.988943,,,,,,
point,posthoc_contrastive_resample,post-hoc,contrastive,resample,auc_age_age<med,0.938834,,,,,,
point,posthoc_contrastive_resample,post-hoc,contrastive,resample,auc_age_age>=med,0.955316,,,,,,
point,posthoc_contrastive_resample,post-hoc,contrastive,resample,aucdelta_race,0.031817,,0.001978,0.107512,,,
point,posthoc_contrastive_resample,post-hoc,contrastive,resample,aucdelta_sex,0.060801,,0.015514,0.107641,,,
point,posthoc_contrastive_resample,post-hoc,contrastive,resample,aucdelta_age,0.016482,,0.001252,0.084028,,,
point,posthoc_contrastive_resample,post-hoc,contrastive,resample,esauc_race,0.920742,,0.847226,0.955382,,,
point,posthoc_contrastive_resample,post-hoc,contrastive,resample,esauc_sex,0.895585,,0.833481,0.952296,,,
point,posthoc_contrastive_resample,post-hoc,contrastive,resample,esauc_age,0.934633,,0.863238,0.964385,,,
point,posthoc_contrastive_resample,post-hoc,contrastive,resample,ecedelta_race,0.048030,,0.003020,0.127788,,,
point,posthoc_contrastive_resample,post-hoc,contrastive,resample,ecedelta_sex,0.021722,,0.001727,0.084442,,,
point,posthoc_contrastive_resample,post-hoc,contrastive,resample,ecedelta_age,0.004841,,0.001148,0.079646,,,
point,posthoc_contrastive_resample,post-hoc,contrastive,resample,ece_race_White,0.055469,,,,,,
point,posthoc_contrastive_resample,post-hoc,contrastive,resample,ece_race_Asian,0.103499,,,,,,
point,posthoc_contrastive_resample,post-hoc,contrastive,resample,ece_race_Black,0.003782,,,,,,
point,posthoc_contrastive_resample,post-hoc,contrastive,resample,ece_sex_Male,0.081716,,,,,,
point,posthoc_contrastive_resample,post-hoc,contrastive,resample,ece_sex_Female,0.059994,,,,,,
point,posthoc_contrastive_resample,post-hoc,contrastive,resample,ece_age_age<med,0.076397,,,,,,
point,posthoc_contrastive_resample,post-hoc,contrastive,resample,ece_age_age>=med,0.081238,,,,,,
point,posthoc_pcgrad_none,post-hoc,pcgrad,none,auc_overall,0.946833,,0.916076,0.974153,,,
point,posthoc_pcgrad_none,post-hoc,pcgrad,none,auc_race_White,0.950142,,,,,,
point,posthoc_pcgrad_none,post-hoc,pcgrad,none,auc_race_Asian,0.908622,,,,,,
point,posthoc_pcgrad_none,post-hoc,pcgrad,none,auc_race_Black,1.000000,,,,,,
point,posthoc_pcgrad_none,post-hoc,pcgrad,none,auc_sex_Male,0.924015,,,,,,
point,posthoc_pcgrad_none,post-hoc,pcgrad,none,auc_sex_Female,0.984029,,,,,,
point,posthoc_pcgrad_none,post-hoc,pcgrad,none,auc_age_age<med,0.928982,,,,,,
point,posthoc_pcgrad_none,post-hoc,pcgrad,none,auc_age_age>=med,0.951079,,,,,,
point,posthoc_pcgrad_none,post-hoc,pcgrad,none,aucdelta_race,0.041520,,0.001814,0.132404,,,
point,posthoc_pcgrad_none,post-hoc,pcgrad,none,aucdelta_sex,0.060014,,0.011422,0.110725,,,
point,posthoc_pcgrad_none,post-hoc,pcgrad,none,aucdelta_age,0.022097,,0.001079,0.094063,,,
point,posthoc_pcgrad_none,post-hoc,pcgrad,none,esauc_race,0.909087,,0.822441,0.951497,,,
point,posthoc_pcgrad_none,post-hoc,pcgrad,none,esauc_sex,0.893226,,0.830440,0.953938,,,
point,posthoc_pcgrad_none,post-hoc,pcgrad,none,esauc_age,0.926363,,0.852087,0.960222,,,
point,posthoc_pcgrad_none,post-hoc,pcgrad,none,ecedelta_race,0.047340,,0.003473,0.120696,,,
point,posthoc_pcgrad_none,post-hoc,pcgrad,none,ecedelta_sex,0.013942,,0.001496,0.079097,,,
point,posthoc_pcgrad_none,post-hoc,pcgrad,none,ecedelta_age,0.033564,,0.002078,0.104531,,,
point,posthoc_pcgrad_none,post-hoc,pcgrad,none,ece_race_White,0.063618,,,,,,
point,posthoc_pcgrad_none,post-hoc,pcgrad,none,ece_race_Asian,0.110958,,,,,,
point,posthoc_pcgrad_none,post-hoc,pcgrad,none,ece_race_Black,0.011591,,,,,,
point,posthoc_pcgrad_none,post-hoc,pcgrad,none,ece_sex_Male,0.077233,,,,,,
point,posthoc_pcgrad_none,post-hoc,pcgrad,none,ece_sex_Female,0.063291,,,,,,
point,posthoc_pcgrad_none,post-hoc,pcgrad,none,ece_age_age<med,0.100080,,,,,,
point,posthoc_pcgrad_none,post-hoc,pcgrad,none,ece_age_age>=med,0.066515,,,,,,
point,posthoc_pcgrad_weight,post-hoc,pcgrad,weight,auc_overall,0.946173,,0.914568,0.973776,,,
point,posthoc_pcgrad_weight,post-hoc,pcgrad,weight,auc_race_White,0.949786,,,,,,
point,posthoc_pcgrad_weight,post-hoc,pcgrad,weight,auc_race_Asian,0.907885,,,,,,
point,posthoc_pcgrad_weight,post-hoc,pcgrad,weight,auc_race_Black,1.000000,,,,,,
point,posthoc_pcgrad_weight,post-hoc,pcgrad,weight,auc_sex_Male,0.923640,,,,,,
point,posthoc_pcgrad_weight,post-hoc,pcgrad,weight,auc_sex_Female,0.984029,,,,,,
point,posthoc_pcgrad_weight,post-hoc,pcgrad,weight,auc_age_age<med,0.928571,,,,,,
point,posthoc_pcgrad_weight,post-hoc,pcgrad,weight,auc_age_age>=med,0.949923,,,,,,
point,posthoc_pcgrad_weight,post-hoc,pcgrad,weight,aucdelta_race,0.041901,,0.001974,0.134291,,,
point,posthoc_pcgrad_weight,post-hoc,pcgrad,weight,aucdelta_sex,0.060390,,0.011609,0.112448,,,
point,posthoc_pcgrad_weight,post-hoc,pcgrad,weight,aucdelta_age,0.021352,,0.001081,0.094200,,,
point,posthoc_pcgrad_weight,post-hoc,pcgrad,weight,esauc_race,0.908121,,0.821629,0.950208,,,
point,posthoc_pcgrad_weight,post-hoc,pcgrad,weight,esauc_sex,0.892288,,0.829342,0.953123,,,
point,posthoc_pcgrad_weight,post-hoc,pcgrad,weight,esauc_age,0.926393,,0.850075,0.960223,,,
point,posthoc_pcgrad_weight,post-hoc,pcgrad,weight,ecedelta_race,0.041313,,0.003034,0.117504,,,
point,posthoc_pcgrad_weight,post-hoc,pcgrad,weight,ecedelta_sex,0.017761,,0.001758,0.085708,,,
point,posthoc_pcgrad_weight,post-hoc,pcgrad,weight,ecedelta_age,0.029270,,0.001686,0.098407,,,
point,posthoc_pcgrad_weight,post-hoc,pcgrad,weight,ece_race_White,0.062402,,,,,,
point,posthoc_pcgrad_weight,post-hoc,pcgrad,weight,ece_race_Asian,0.103716,,,,,,
point,posthoc_pcgrad_weight,post-hoc,pcgrad,weight,ece_race_Black,0.016978,,,,,,
point,posthoc_pcgrad_weight,post-hoc,pcgrad,weight,ece_sex_Male,0.082903,,,,,,
point,posthoc_pcgrad_weight,post-hoc,pcgrad,weight,ece_sex_Female,0.065142,,,,,,
point,posthoc_pcgrad_weight,post-hoc,pcgrad,weight,ece_age_age<med,0.092936,,,,,,
point,posthoc_pcgrad_weight,post-hoc,pcgrad,weight,ece_age_age>=med,0.063666,,,,,,
point,posthoc_pcgrad_resample,post-hoc,pcgrad,resample,auc_overall,0.952206,,0.924215,0.976089,,,
point,posthoc_pcgrad_resample,post-hoc,pcgrad,resample,auc_race_White,0.954060,,,,,,
point,posthoc_pcgrad_resample,post-hoc,pcgrad,resample,auc_race_Asian,0.927045,,,,,,
point,posthoc_pcgrad_resample,post-hoc,pcgrad,resample,auc_race_Black,1.000000,,,,,,
point,posthoc_pcgrad_resample,post-hoc,pcgrad,resample,auc_sex_Male,0.931332,,,,,,
point,posthoc_pcgrad_resample,post-hoc,pcgrad,resample,auc_sex_Female,0.988943,,,,,,
point,posthoc_pcgrad_resample,post-hoc,pcgrad,resample,auc_age_age<med,0.940066,,,,,,
point,posthoc_pcgrad_resample,post-hoc,pcgrad,resample,auc_age_age>=med,0.960709,,,,,,
point,posthoc_pcgrad_resample,post-hoc,pcgrad,resample,aucdelta_race,0.027015,,0.001506,0.102606,,,
point,posthoc_pcgrad_resample,post-hoc,pcgrad,resample,aucdelta_sex,0.057611,,0.013999,0.102747,,,
point,posthoc_pcgrad_resample,post-hoc,pcgrad,resample,aucdelta_age,0.020643,,0.001354,0.084775,,,
point,posthoc_pcgrad_resample,post-hoc,pcgrad,resample,esauc_race,0.927159,,0.854188,0.957674,,,
point,posthoc_pcgrad_resample,post-hoc,pcgrad,resample,esauc_sex,0.900336,,0.842338,0.953809,,,
point,posthoc_pcgrad_resample,post-hoc,pcgrad,resample,esauc_age,0.932947,,0.862651,0.965284,,,
point,posthoc_pcgrad_resample,post-hoc,pcgrad,resample,ecedelta_race,0.072330,,0.005207,0.132466,,,
point,posthoc_pcgrad_resample,post-hoc,pcgrad,resample,ecedelta_sex,0.008025,,0.001580,0.072311,,,
point,posthoc_pcgrad_resample,post-hoc,pcgrad,resample,ecedelta_age,0.010410,,0.001318,0.085803,,,
point,posthoc_pcgrad_resample,post-hoc,pcgrad,resample,ece_race_White,0.052359,,,,,,
point,posthoc_pcgrad_resample,post-hoc,pcgrad,resample,ece_race_Asian,0.124689,,,,,,
point,posthoc_pcgrad_resample,post-hoc,pcgrad,resample,ece_race_Black,0.014119,,,,,,
point,posthoc_pcgrad_resample,post-hoc,pcgrad,resample,ece_sex_Male,0.064335,,,,,,
point,posthoc_pcgrad_resample,post-hoc,pcgrad,resample,ece_sex_Female,0.056310,,,,,,
point,posthoc_pcgrad_resample,post-hoc,pcgrad,resample,ece_age_age<med,0.084613,,,,,,
point,posthoc_pcgrad_resample,post-hoc,pcgrad,resample,ece_age_age>=med,0.074203,,,,,,
vs_baseline,eval_fair-fino-none,pretraining,fino,none,aucdelta_race,-0.005807,-0.003496,-0.040931,0.031370,0.83300,0.98800,0
vs_baseline,eval_fair-fino-none,pretraining,fino,none,aucdelta_sex,0.010658,0.010237,-0.012003,0.034002,0.34000,0.98800,0
vs_baseline,eval_fair-fino-none,pretraining,fino,none,aucdelta_age,0.005230,0.003065,-0.021989,0.029380,0.78700,0.98800,0
vs_baseline,eval_fair-fino-none,pretraining,fino,none,auc_overall,-0.012161,-0.012070,-0.025285,-0.000185,0.04900,0.98800,0
vs_baseline,eval_fair-fino-weight,pretraining,fino,weight,aucdelta_race,-0.007898,-0.008242,-0.044509,0.022599,0.58400,0.98800,0
vs_baseline,eval_fair-fino-weight,pretraining,fino,weight,aucdelta_sex,-0.001858,-0.002112,-0.021591,0.017755,0.83600,0.98800,0
vs_baseline,eval_fair-fino-weight,pretraining,fino,weight,aucdelta_age,0.003934,-0.000153,-0.027830,0.024494,0.98800,0.98800,0
vs_baseline,eval_fair-fino-weight,pretraining,fino,weight,auc_overall,0.004336,0.004267,-0.006662,0.016529,0.43500,0.98800,0
vs_baseline,eval_fair-fino-resample,pretraining,fino,resample,aucdelta_race,-0.020510,-0.014607,-0.063142,0.030074,0.54100,0.98800,0
vs_baseline,eval_fair-fino-resample,pretraining,fino,resample,aucdelta_sex,-0.018579,-0.015584,-0.051895,0.017406,0.32700,0.98800,0
vs_baseline,eval_fair-fino-resample,pretraining,fino,resample,aucdelta_age,-0.008235,-0.004971,-0.043418,0.027616,0.76800,0.98800,0
vs_baseline,eval_fair-fino-resample,pretraining,fino,resample,auc_overall,0.000283,0.000426,-0.014855,0.017371,0.95500,0.98800,0
vs_baseline,eval_fair-dann-none,pretraining,dann,none,aucdelta_race,-0.022464,-0.018604,-0.051438,0.022394,0.34100,0.98800,0
vs_baseline,eval_fair-dann-none,pretraining,dann,none,aucdelta_sex,-0.000049,-0.000472,-0.017105,0.020096,0.96700,0.98800,0
vs_baseline,eval_fair-dann-none,pretraining,dann,none,aucdelta_age,-0.010156,-0.007126,-0.031881,0.016585,0.56800,0.98800,0
vs_baseline,eval_fair-dann-none,pretraining,dann,none,auc_overall,0.006316,0.006316,-0.002090,0.015733,0.16400,0.98800,0
vs_baseline,eval_fair-dann-weight,pretraining,dann,weight,aucdelta_race,-0.022771,-0.017945,-0.059890,0.022461,0.38400,0.98800,0
vs_baseline,eval_fair-dann-weight,pretraining,dann,weight,aucdelta_sex,-0.010815,-0.010103,-0.033036,0.012099,0.40000,0.98800,0
vs_baseline,eval_fair-dann-weight,pretraining,dann,weight,aucdelta_age,0.004679,0.000253,-0.027394,0.028785,0.98600,0.98800,0
vs_baseline,eval_fair-dann-weight,pretraining,dann,weight,auc_overall,0.003394,0.003305,-0.009333,0.016786,0.59300,0.98800,0
vs_baseline,eval_fair-dann-resample,pretraining,dann,resample,aucdelta_race,-0.028003,-0.022116,-0.071807,0.025578,0.39800,0.98800,0
vs_baseline,eval_fair-dann-resample,pretraining,dann,resample,aucdelta_sex,-0.013460,-0.012649,-0.037296,0.011807,0.28100,0.98800,0
vs_baseline,eval_fair-dann-resample,pretraining,dann,resample,aucdelta_age,-0.009234,-0.006078,-0.039523,0.024633,0.69100,0.98800,0
vs_baseline,eval_fair-dann-resample,pretraining,dann,resample,auc_overall,0.001980,0.002178,-0.010797,0.014851,0.73200,0.98800,0
vs_baseline,eval_fair-contrastive-none,pretraining,contrastive,none,aucdelta_race,-0.015253,-0.010494,-0.043890,0.026591,0.52300,0.98800,0
vs_baseline,eval_fair-contrastive-none,pretraining,contrastive,none,aucdelta_sex,0.006669,0.006296,-0.011281,0.025986,0.44800,0.98800,0
vs_baseline,eval_fair-contrastive-none,pretraining,contrastive,none,aucdelta_age,-0.013167,-0.007039,-0.033149,0.025653,0.67900,0.98800,0
vs_baseline,eval_fair-contrastive-none,pretraining,contrastive,none,auc_overall,-0.001131,-0.001043,-0.012014,0.009837,0.84600,0.98800,0
vs_baseline,eval_fair-contrastive-weight,pretraining,contrastive,weight,aucdelta_race,0.011875,0.006400,-0.036228,0.052686,0.73100,0.98800,0
vs_baseline,eval_fair-contrastive-weight,pretraining,contrastive,weight,aucdelta_sex,-0.007268,-0.006877,-0.037002,0.022334,0.63800,0.98800,0
vs_baseline,eval_fair-contrastive-weight,pretraining,contrastive,weight,aucdelta_age,0.023872,0.016868,-0.031733,0.054469,0.36800,0.98800,0
vs_baseline,eval_fair-contrastive-weight,pretraining,contrastive,weight,auc_overall,-0.002545,-0.002282,-0.018958,0.014656,0.77700,0.98800,0
vs_baseline,eval_fair-contrastive-resample,pretraining,contrastive,resample,aucdelta_race,-0.046215,-0.028836,-0.079104,0.055561,0.53400,0.98800,0
vs_baseline,eval_fair-contrastive-resample,pretraining,contrastive,resample,aucdelta_sex,-0.010270,-0.009014,-0.035807,0.015505,0.44500,0.98800,0
vs_baseline,eval_fair-contrastive-resample,pretraining,contrastive,resample,aucdelta_age,-0.019710,-0.008460,-0.048151,0.032914,0.69600,0.98800,0
vs_baseline,eval_fair-contrastive-resample,pretraining,contrastive,resample,auc_overall,-0.000471,-0.000286,-0.013965,0.012901,0.95400,0.98800,0
vs_baseline,eval_fair-pcgrad-none,pretraining,pcgrad,none,aucdelta_race,-0.002457,-0.004349,-0.050869,0.036846,0.83200,0.98800,0
vs_baseline,eval_fair-pcgrad-none,pretraining,pcgrad,none,aucdelta_sex,-0.011329,-0.008076,-0.050421,0.023746,0.63300,0.98800,0
vs_baseline,eval_fair-pcgrad-none,pretraining,pcgrad,none,aucdelta_age,0.012372,0.005681,-0.029627,0.052754,0.76000,0.98800,0
vs_baseline,eval_fair-pcgrad-none,pretraining,pcgrad,none,auc_overall,-0.001131,-0.000851,-0.018493,0.015012,0.92100,0.98800,0
vs_baseline,eval_fair-pcgrad-weight,pretraining,pcgrad,weight,aucdelta_race,-0.010416,-0.009574,-0.040467,0.014847,0.46800,0.98800,0
vs_baseline,eval_fair-pcgrad-weight,pretraining,pcgrad,weight,aucdelta_sex,0.007643,0.007100,-0.008742,0.026749,0.37900,0.98800,0
vs_baseline,eval_fair-pcgrad-weight,pretraining,pcgrad,weight,aucdelta_age,0.004187,0.001320,-0.018320,0.021712,0.89800,0.98800,0
vs_baseline,eval_fair-pcgrad-weight,pretraining,pcgrad,weight,auc_overall,0.001980,0.001983,-0.006511,0.011175,0.61300,0.98800,0
vs_baseline,eval_fair-pcgrad-resample,pretraining,pcgrad,resample,aucdelta_race,-0.046595,-0.029626,-0.078191,0.056711,0.53600,0.98800,0
vs_baseline,eval_fair-pcgrad-resample,pretraining,pcgrad,resample,aucdelta_sex,-0.002783,-0.001827,-0.029140,0.023401,0.86900,0.98800,0
vs_baseline,eval_fair-pcgrad-resample,pretraining,pcgrad,resample,aucdelta_age,-0.020732,-0.010979,-0.052826,0.046569,0.80900,0.98800,0
vs_baseline,eval_fair-pcgrad-resample,pretraining,pcgrad,resample,auc_overall,-0.004808,-0.004536,-0.016347,0.006976,0.41600,0.98800,0
vs_baseline,posthoc_fino_none,post-hoc,fino,none,aucdelta_race,-0.012185,-0.011905,-0.049820,0.017539,0.44000,0.98800,0
vs_baseline,posthoc_fino_none,post-hoc,fino,none,aucdelta_sex,-0.020571,-0.018723,-0.049173,0.007028,0.15500,0.98800,0
vs_baseline,posthoc_fino_none,post-hoc,fino,none,aucdelta_age,0.014050,0.007104,-0.031730,0.039075,0.63200,0.98800,0
vs_baseline,posthoc_fino_none,post-hoc,fino,none,auc_overall,0.010464,0.010280,-0.001534,0.024878,0.08800,0.98800,0
vs_baseline,posthoc_fino_weight,post-hoc,fino,weight,aucdelta_race,-0.009911,-0.008126,-0.039064,0.021281,0.58700,0.98800,0
vs_baseline,posthoc_fino_weight,post-hoc,fino,weight,aucdelta_sex,-0.011021,-0.009933,-0.033922,0.009750,0.33700,0.98800,0
vs_baseline,posthoc_fino_weight,post-hoc,fino,weight,aucdelta_age,0.013426,0.008228,-0.023690,0.034466,0.52600,0.98800,0
vs_baseline,posthoc_fino_weight,post-hoc,fino,weight,auc_overall,0.001414,0.001609,-0.009106,0.011884,0.72900,0.98800,0
vs_baseline,posthoc_fino_resample,post-hoc,fino,resample,aucdelta_race,-0.017489,-0.013445,-0.052977,0.027686,0.51900,0.98800,0
vs_baseline,posthoc_fino_resample,post-hoc,fino,resample,aucdelta_sex,0.010149,0.009448,-0.011679,0.032388,0.32200,0.98800,0
vs_baseline,posthoc_fino_resample,post-hoc,fino,resample,aucdelta_age,-0.008241,-0.003252,-0.032374,0.025802,0.81000,0.98800,0
vs_baseline,posthoc_fino_resample,post-hoc,fino,resample,auc_overall,-0.002734,-0.002375,-0.012744,0.007732,0.62800,0.98800,0
vs_baseline,posthoc_dann_none,post-hoc,dann,none,aucdelta_race,-0.012330,-0.009364,-0.040992,0.022278,0.53900,0.98800,0
vs_baseline,posthoc_dann_none,post-hoc,dann,none,aucdelta_sex,0.007045,0.006353,-0.008313,0.021612,0.35100,0.98800,0
vs_baseline,posthoc_dann_none,post-hoc,dann,none,aucdelta_age,0.001434,0.000280,-0.019967,0.023175,0.98100,0.98800,0
vs_baseline,posthoc_dann_none,post-hoc,dann,none,auc_overall,-0.001980,-0.001550,-0.009712,0.006638,0.67600,0.98800,0
vs_baseline,posthoc_dann_weight,post-hoc,dann,weight,aucdelta_race,-0.021173,-0.016568,-0.045896,0.027133,0.37700,0.98800,0
vs_baseline,posthoc_dann_weight,post-hoc,dann,weight,aucdelta_sex,0.004043,0.003659,-0.009172,0.018338,0.56700,0.98800,0
vs_baseline,posthoc_dann_weight,post-hoc,dann,weight,aucdelta_age,-0.005621,-0.003099,-0.023012,0.016039,0.74200,0.98800,0
vs_baseline,posthoc_dann_weight,post-hoc,dann,weight,auc_overall,0.000848,0.000855,-0.006515,0.008702,0.79000,0.98800,0
vs_baseline,posthoc_dann_resample,post-hoc,dann,resample,aucdelta_race,-0.025140,-0.018945,-0.059712,0.030148,0.42400,0.98800,0
vs_baseline,posthoc_dann_resample,post-hoc,dann,resample,aucdelta_sex,0.012897,0.011888,-0.004407,0.032539,0.14600,0.98800,0
vs_baseline,posthoc_dann_resample,post-hoc,dann,resample,aucdelta_age,-0.004541,-0.002542,-0.027819,0.019570,0.80600,0.98800,0
vs_baseline,posthoc_dann_resample,post-hoc,dann,resample,auc_overall,-0.001791,-0.001515,-0.012275,0.009145,0.76700,0.98800,0
vs_baseline,posthoc_contrastive_none,post-hoc,contrastive,none,aucdelta_race,-0.006840,-0.004544,-0.033086,0.022023,0.71600,0.98800,0
vs_baseline,posthoc_contrastive_none,post-hoc,contrastive,none,aucdelta_sex,0.002167,0.001996,-0.014023,0.018200,0.77200,0.98800,0
vs_baseline,posthoc_contrastive_none,post-hoc,contrastive,none,aucdelta_age,-0.003619,-0.002179,-0.022631,0.018438,0.81400,0.98800,0
vs_baseline,posthoc_contrastive_none,post-hoc,contrastive,none,auc_overall,0.000848,0.001041,-0.008107,0.010184,0.82900,0.98800,0
vs_baseline,posthoc_contrastive_weight,post-hoc,contrastive,weight,aucdelta_race,-0.005564,-0.004658,-0.035368,0.021484,0.70000,0.98800,0
vs_baseline,posthoc_contrastive_weight,post-hoc,contrastive,weight,aucdelta_sex,-0.005066,-0.004915,-0.021724,0.010595,0.49900,0.98800,0
vs_baseline,posthoc_contrastive_weight,post-hoc,contrastive,weight,aucdelta_age,-0.003127,-0.003602,-0.023871,0.016373,0.69000,0.98800,0
vs_baseline,posthoc_contrastive_weight,post-hoc,contrastive,weight,auc_overall,0.004431,0.004598,-0.004634,0.014902,0.32300,0.98800,0
vs_baseline,posthoc_contrastive_resample,post-hoc,contrastive,resample,aucdelta_race,-0.015451,-0.012731,-0.054447,0.022484,0.51300,0.98800,0
vs_baseline,posthoc_contrastive_resample,post-hoc,contrastive,resample,aucdelta_sex,0.003601,0.003126,-0.016696,0.024316,0.72700,0.98800,0
vs_baseline,posthoc_contrastive_resample,post-hoc,contrastive,resample,aucdelta_age,-0.009568,-0.005710,-0.036529,0.020525,0.68900,0.98800,0
vs_baseline,posthoc_contrastive_resample,post-hoc,contrastive,resample,auc_overall,0.003299,0.003582,-0.007661,0.014994,0.49800,0.98800,0
vs_baseline,posthoc_pcgrad_none,post-hoc,pcgrad,none,aucdelta_race,-0.005747,-0.002978,-0.028047,0.020188,0.75000,0.98800,0
vs_baseline,posthoc_pcgrad_none,post-hoc,pcgrad,none,aucdelta_sex,0.002814,0.003122,-0.014480,0.018414,0.65900,0.98800,0
vs_baseline,posthoc_pcgrad_none,post-hoc,pcgrad,none,aucdelta_age,-0.003953,-0.001448,-0.019550,0.016181,0.85500,0.98800,0
vs_baseline,posthoc_pcgrad_none,post-hoc,pcgrad,none,auc_overall,0.000094,0.000189,-0.005938,0.006604,0.94100,0.98800,0
vs_baseline,posthoc_pcgrad_weight,post-hoc,pcgrad,weight,aucdelta_race,-0.005367,-0.002402,-0.026829,0.021009,0.81400,0.98800,0
vs_baseline,posthoc_pcgrad_weight,post-hoc,pcgrad,weight,aucdelta_sex,0.003189,0.003515,-0.013459,0.018956,0.62300,0.98800,0
vs_baseline,posthoc_pcgrad_weight,post-hoc,pcgrad,weight,aucdelta_age,-0.004698,-0.001803,-0.020223,0.017316,0.83300,0.98800,0
vs_baseline,posthoc_pcgrad_weight,post-hoc,pcgrad,weight,auc_overall,-0.000566,-0.000566,-0.006519,0.006048,0.83200,0.98800,0
vs_baseline,posthoc_pcgrad_resample,post-hoc,pcgrad,resample,aucdelta_race,-0.020253,-0.017608,-0.049398,0.019528,0.35100,0.98800,0
vs_baseline,posthoc_pcgrad_resample,post-hoc,pcgrad,resample,aucdelta_sex,0.000411,-0.000140,-0.016918,0.019071,0.98800,0.98800,0
vs_baseline,posthoc_pcgrad_resample,post-hoc,pcgrad,resample,aucdelta_age,-0.005407,-0.005059,-0.029990,0.015135,0.62100,0.98800,0
vs_baseline,posthoc_pcgrad_resample,post-hoc,pcgrad,resample,auc_overall,0.005468,0.005605,-0.003572,0.016157,0.24400,0.98800,0
vs_timing,fino_none,pretraining-minus-posthoc,fino,none,aucdelta_race,0.006378,0.008166,-0.025292,0.051099,0.65300,0.98800,0
vs_timing,fino_none,pretraining-minus-posthoc,fino,none,aucdelta_sex,0.031229,0.029215,-0.003681,0.060648,0.06900,0.98800,0
vs_timing,fino_none,pretraining-minus-posthoc,fino,none,aucdelta_age,-0.008821,-0.003019,-0.037908,0.032936,0.84300,0.98800,0
vs_timing,fino_none,pretraining-minus-posthoc,fino,none,auc_overall,-0.022624,-0.022219,-0.040816,-0.007839,0.00200,0.28800,0
vs_timing,fino_weight,pretraining-minus-posthoc,fino,weight,aucdelta_race,0.002013,-0.001082,-0.035207,0.036558,0.93400,0.98800,0
vs_timing,fino_weight,pretraining-minus-posthoc,fino,weight,aucdelta_sex,0.009162,0.007716,-0.012691,0.032928,0.47500,0.98800,0
vs_timing,fino_weight,pretraining-minus-posthoc,fino,weight,aucdelta_age,-0.009492,-0.007799,-0.033259,0.016587,0.53200,0.98800,0
vs_timing,fino_weight,pretraining-minus-posthoc,fino,weight,auc_overall,0.002922,0.002837,-0.007449,0.013668,0.55700,0.98800,0
vs_timing,fino_resample,pretraining-minus-posthoc,fino,resample,aucdelta_race,-0.003022,-0.002014,-0.045736,0.039181,0.92200,0.98800,0
vs_timing,fino_resample,pretraining-minus-posthoc,fino,resample,aucdelta_sex,-0.028728,-0.025350,-0.063967,0.008286,0.13300,0.98800,0
vs_timing,fino_resample,pretraining-minus-posthoc,fino,resample,aucdelta_age,0.000006,-0.002568,-0.037020,0.032048,0.87700,0.98800,0
vs_timing,fino_resample,pretraining-minus-posthoc,fino,resample,auc_overall,0.003017,0.003024,-0.013699,0.020315,0.71500,0.98800,0
vs_timing,dann_none,pretraining-minus-posthoc,dann,none,aucdelta_race,-0.010133,-0.007659,-0.039541,0.018365,0.58000,0.98800,0
vs_timing,dann_none,pretraining-minus-posthoc,dann,none,aucdelta_sex,-0.007093,-0.006402,-0.027195,0.013728,0.51900,0.98800,0
vs_timing,dann_none,pretraining-minus-posthoc,dann,none,aucdelta_age,-0.011590,-0.007091,-0.036745,0.019397,0.62000,0.98800,0
vs_timing,dann_none,pretraining-minus-posthoc,dann,none,auc_overall,0.008296,0.007736,-0.002278,0.019325,0.11800,0.98800,0
vs_timing,dann_weight,pretraining-minus-posthoc,dann,weight,aucdelta_race,-0.001597,-0.002182,-0.039200,0.027866,0.86100,0.98800,0
vs_timing,dann_weight,pretraining-minus-posthoc,dann,weight,aucdelta_sex,-0.014858,-0.013914,-0.036403,0.008590,0.22900,0.98800,0
vs_timing,dann_weight,pretraining-minus-posthoc,dann,weight,aucdelta_age,0.010299,0.004441,-0.030760,0.033414,0.78100,0.98800,0
vs_timing,dann_weight,pretraining-minus-posthoc,dann,weight,auc_overall,0.002545,0.002273,-0.010582,0.015465,0.73400,0.98800,0
vs_timing,dann_resample,pretraining-minus-posthoc,dann,resample,aucdelta_race,-0.002863,-0.003053,-0.044451,0.028391,0.83000,0.98800,0
vs_timing,dann_resample,pretraining-minus-posthoc,dann,resample,aucdelta_sex,-0.026356,-0.024409,-0.052602,-0.002229,0.03200,0.98800,0
vs_timing,dann_resample,pretraining-minus-posthoc,dann,resample,aucdelta_age,-0.004693,-0.003290,-0.033365,0.023135,0.81000,0.98800,0
vs_timing,dann_resample,pretraining-minus-posthoc,dann,resample,auc_overall,0.003771,0.003874,-0.007930,0.015607,0.52400,0.98800,0
vs_timing,contrastive_none,pretraining-minus-posthoc,contrastive,none,aucdelta_race,-0.008413,-0.004553,-0.036448,0.026663,0.73700,0.98800,0
vs_timing,contrastive_none,pretraining-minus-posthoc,contrastive,none,aucdelta_sex,0.004503,0.004354,-0.012982,0.021371,0.56700,0.98800,0
vs_timing,contrastive_none,pretraining-minus-posthoc,contrastive,none,aucdelta_age,-0.009549,-0.004054,-0.028454,0.023133,0.76300,0.98800,0
vs_timing,contrastive_none,pretraining-minus-posthoc,contrastive,none,auc_overall,-0.001980,-0.002077,-0.010934,0.006662,0.63200,0.98800,0
vs_timing,contrastive_weight,pretraining-minus-posthoc,contrastive,weight,aucdelta_race,0.017439,0.011934,-0.031431,0.058546,0.54300,0.98800,0
vs_timing,contrastive_weight,pretraining-minus-posthoc,contrastive,weight,aucdelta_sex,-0.002203,-0.001893,-0.028310,0.024820,0.88400,0.98800,0
vs_timing,contrastive_weight,pretraining-minus-posthoc,contrastive,weight,aucdelta_age,0.026998,0.020892,-0.023882,0.058657,0.30600,0.98800,0
vs_timing,contrastive_weight,pretraining-minus-posthoc,contrastive,weight,auc_overall,-0.006976,-0.006882,-0.023285,0.008790,0.35500,0.98800,0
vs_timing,contrastive_resample,pretraining-minus-posthoc,contrastive,resample,aucdelta_race,-0.030764,-0.010366,-0.061286,0.052835,0.74700,0.98800,0
vs_timing,contrastive_resample,pretraining-minus-posthoc,contrastive,resample,aucdelta_sex,-0.013871,-0.012764,-0.043134,0.013593,0.32800,0.98800,0
vs_timing,contrastive_resample,pretraining-minus-posthoc,contrastive,resample,aucdelta_age,-0.010142,-0.001551,-0.033991,0.030255,0.91600,0.98800,0
vs_timing,contrastive_resample,pretraining-minus-posthoc,contrastive,resample,auc_overall,-0.003771,-0.003779,-0.018127,0.008772,0.53600,0.98800,0
vs_timing,pcgrad_none,pretraining-minus-posthoc,pcgrad,none,aucdelta_race,0.003290,-0.001914,-0.054202,0.048053,0.93300,0.98800,0
vs_timing,pcgrad_none,pretraining-minus-posthoc,pcgrad,none,aucdelta_sex,-0.014143,-0.011208,-0.055184,0.025189,0.52900,0.98800,0
vs_timing,pcgrad_none,pretraining-minus-posthoc,pcgrad,none,aucdelta_age,0.016325,0.007222,-0.034885,0.057703,0.72700,0.98800,0
vs_timing,pcgrad_none,pretraining-minus-posthoc,pcgrad,none,auc_overall,-0.001225,-0.001134,-0.020314,0.016713,0.92500,0.98800,0
vs_timing,pcgrad_weight,pretraining-minus-posthoc,pcgrad,weight,aucdelta_race,-0.005049,-0.007047,-0.042012,0.024663,0.62700,0.98800,0
vs_timing,pcgrad_weight,pretraining-minus-posthoc,pcgrad,weight,aucdelta_sex,0.004454,0.003847,-0.012953,0.024890,0.66100,0.98800,0
vs_timing,pcgrad_weight,pretraining-minus-posthoc,pcgrad,weight,aucdelta_age,0.008885,0.003527,-0.026979,0.029843,0.79500,0.98800,0
vs_timing,pcgrad_weight,pretraining-minus-posthoc,pcgrad,weight,auc_overall,0.002545,0.002545,-0.006885,0.012065,0.58200,0.98800,0
vs_timing,pcgrad_resample,pretraining-minus-posthoc,pcgrad,resample,aucdelta_race,-0.026343,-0.006576,-0.053103,0.050002,0.81500,0.98800,0
vs_timing,pcgrad_resample,pretraining-minus-posthoc,pcgrad,resample,aucdelta_sex,-0.003195,-0.001960,-0.034229,0.026067,0.89200,0.98800,0
vs_timing,pcgrad_resample,pretraining-minus-posthoc,pcgrad,resample,aucdelta_age,-0.015325,-0.004277,-0.041771,0.047517,0.88900,0.98800,0
vs_timing,pcgrad_resample,pretraining-minus-posthoc,pcgrad,resample,auc_overall,-0.010275,-0.010195,-0.025096,0.003532,0.14600,0.98800,0
